[{"model": "admin.logentry", "pk": 1, "fields": {"action_time": "2023-12-01T15:55:08.514Z", "user": 1, "content_type": 7, "object_id": "1", "object_repr": "lumina.example.com", "action_flag": 2, "change_message": "[{\"changed\": {\"fields\": [\"Domain name\", \"Display name\"]}}]"}}, {"model": "admin.logentry", "pk": 2, "fields": {"action_time": "2023-12-01T15:58:22.207Z", "user": 1, "content_type": 8, "object_id": "1", "object_repr": "luminadmin@gmail.com", "action_flag": 2, "change_message": "[{\"changed\": {\"fields\": [\"Verified\", \"Primary\"]}}]"}}, {"model": "admin.logentry", "pk": 3, "fields": {"action_time": "2023-12-05T12:07:56.210Z", "user": 1, "content_type": 13, "object_id": "1", "object_repr": "necklaces", "action_flag": 1, "change_message": "[{\"added\": {}}]"}}, {"model": "admin.logentry", "pk": 4, "fields": {"action_time": "2023-12-05T12:08:11.599Z", "user": 1, "content_type": 13, "object_id": "2", "object_repr": "earrings", "action_flag": 1, "change_message": "[{\"added\": {}}]"}}, {"model": "admin.logentry", "pk": 5, "fields": {"action_time": "2023-12-05T12:08:25.037Z", "user": 1, "content_type": 13, "object_id": "3", "object_repr": "rings", "action_flag": 1, "change_message": "[{\"added\": {}}]"}}, {"model": "admin.logentry", "pk": 6, "fields": {"action_time": "2023-12-05T12:08:39.396Z", "user": 1, "content_type": 13, "object_id": "4", "object_repr": "bracelets", "action_flag": 1, "change_message": "[{\"added\": {}}]"}}, {"model": "admin.logentry", "pk": 7, "fields": {"action_time": "2023-12-05T12:27:45.357Z", "user": 1, "content_type": 14, "object_id": "1", "object_repr": "Diamond Bobbolt Gold Necklace", "action_flag": 1, "change_message": "[{\"added\": {}}]"}}, {"model": "admin.logentry", "pk": 8, "fields": {"action_time": "2023-12-05T12:32:20.540Z", "user": 1, "content_type": 14, "object_id": "2", "object_repr": "Sterling Silver Square Diamond Necklace", "action_flag": 1, "change_message": "[{\"added\": {}}]"}}, {"model": "admin.logentry", "pk": 9, "fields": {"action_time": "2023-12-05T12:33:29.862Z", "user": 1, "content_type": 14, "object_id": "3", "object_repr": "Heart-shaped Silver Necklace", "action_flag": 1, "change_message": "[{\"added\": {}}]"}}, {"model": "admin.logentry", "pk": 10, "fields": {"action_time": "2023-12-05T12:34:32.889Z", "user": 1, "content_type": 14, "object_id": "4", "object_repr": "Golden Drop Diamond Necklace", "action_flag": 1, "change_message": "[{\"added\": {}}]"}}, {"model": "admin.logentry", "pk": 11, "fields": {"action_time": "2023-12-05T12:35:21.303Z", "user": 1, "content_type": 14, "object_id": "5", "object_repr": "Stunning Blue Diamond Gold Earrings", "action_flag": 1, "change_message": "[{\"added\": {}}]"}}, {"model": "admin.logentry", "pk": 12, "fields": {"action_time": "2023-12-05T12:36:05.100Z", "user": 1, "content_type": 14, "object_id": "6", "object_repr": "Intricate Woven Gold Earrings", "action_flag": 1, "change_message": "[{\"added\": {}}]"}}, {"model": "admin.logentry", "pk": 13, "fields": {"action_time": "2023-12-05T12:36:46.762Z", "user": 1, "content_type": 14, "object_id": "7", "object_repr": "Chic Gold Earrings with Macramé Stones", "action_flag": 1, "change_message": "[{\"added\": {}}]"}}, {"model": "admin.logentry", "pk": 14, "fields": {"action_time": "2023-12-05T12:37:33.004Z", "user": 1, "content_type": 14, "object_id": "8", "object_repr": "Diamond-Encrusted Silver Ring", "action_flag": 1, "change_message": "[{\"added\": {}}]"}}, {"model": "admin.logentry", "pk": 15, "fields": {"action_time": "2023-12-05T12:38:08.021Z", "user": 1, "content_type": 14, "object_id": "8", "object_repr": "Diamond-Encrusted Silver Ring", "action_flag": 2, "change_message": "[]"}}, {"model": "admin.logentry", "pk": 16, "fields": {"action_time": "2023-12-05T12:38:49.057Z", "user": 1, "content_type": 14, "object_id": "9", "object_repr": "Gold Floral Diamond Ring", "action_flag": 1, "change_message": "[{\"added\": {}}]"}}, {"model": "admin.logentry", "pk": 17, "fields": {"action_time": "2023-12-05T12:39:27.225Z", "user": 1, "content_type": 14, "object_id": "10", "object_repr": "Silver Diamond Pavé Ring", "action_flag": 1, "change_message": "[{\"added\": {}}]"}}, {"model": "admin.logentry", "pk": 18, "fields": {"action_time": "2023-12-05T12:40:08.042Z", "user": 1, "content_type": 14, "object_id": "11", "object_repr": "Delicate Golden Heart Ring", "action_flag": 1, "change_message": "[{\"added\": {}}]"}}, {"model": "admin.logentry", "pk": 19, "fields": {"action_time": "2023-12-05T12:40:53.069Z", "user": 1, "content_type": 14, "object_id": "12", "object_repr": "Dainty Gold Bracelet", "action_flag": 1, "change_message": "[{\"added\": {}}]"}}, {"model": "admin.logentry", "pk": 20, "fields": {"action_time": "2023-12-05T12:41:30.901Z", "user": 1, "content_type": 14, "object_id": "13", "object_repr": "Alluring Gold Bracelet for the Confident Woman", "action_flag": 1, "change_message": "[{\"added\": {}}]"}}, {"model": "admin.logentry", "pk": 21, "fields": {"action_time": "2023-12-05T12:42:09.796Z", "user": 1, "content_type": 14, "object_id": "14", "object_repr": "Stylish Silver Arm Band Bracelet", "action_flag": 1, "change_message": "[{\"added\": {}}]"}}, {"model": "admin.logentry", "pk": 22, "fields": {"action_time": "2023-12-05T14:50:52.707Z", "user": 1, "content_type": 14, "object_id": "3", "object_repr": "Heart-shaped Silver Necklace", "action_flag": 2, "change_message": "[{\"changed\": {\"fields\": [\"Image\"]}}]"}}, {"model": "admin.logentry", "pk": 23, "fields": {"action_time": "2023-12-10T12:53:14.681Z", "user": 1, "content_type": 15, "object_id": "4", "object_repr": "B5996B66FEFF46B4AAFCD0F6D75778F3", "action_flag": 3, "change_message": ""}}, {"model": "admin.logentry", "pk": 24, "fields": {"action_time": "2023-12-10T12:53:21.688Z", "user": 1, "content_type": 15, "object_id": "3", "object_repr": "023EB975C88C4D7BBBCE40C41159E531", "action_flag": 3, "change_message": ""}}, {"model": "admin.logentry", "pk": 25, "fields": {"action_time": "2023-12-10T12:53:28.799Z", "user": 1, "content_type": 15, "object_id": "2", "object_repr": "4F426E9556B64267AC68F5A1DDF73B04", "action_flag": 3, "change_message": ""}}, {"model": "admin.logentry", "pk": 26, "fields": {"action_time": "2023-12-10T12:53:35.954Z", "user": 1, "content_type": 15, "object_id": "1", "object_repr": "E98C2A4E2A394162A868CBC6F35EDB00", "action_flag": 3, "change_message": ""}}, {"model": "admin.logentry", "pk": 27, "fields": {"action_time": "2023-12-23T11:57:07.775Z", "user": 1, "content_type": 14, "object_id": "18", "object_repr": "tes", "action_flag": 3, "change_message": ""}}, {"model": "admin.logentry", "pk": 28, "fields": {"action_time": "2023-12-23T11:57:07.781Z", "user": 1, "content_type": 14, "object_id": "17", "object_repr": "test", "action_flag": 3, "change_message": ""}}, {"model": "admin.logentry", "pk": 29, "fields": {"action_time": "2023-12-23T11:57:07.783Z", "user": 1, "content_type": 14, "object_id": "16", "object_repr": "test", "action_flag": 3, "change_message": ""}}, {"model": "admin.logentry", "pk": 30, "fields": {"action_time": "2023-12-23T11:57:07.786Z", "user": 1, "content_type": 14, "object_id": "15", "object_repr": "test", "action_flag": 3, "change_message": ""}}, {"model": "admin.logentry", "pk": 31, "fields": {"action_time": "2023-12-23T12:04:23.990Z", "user": 1, "content_type": 14, "object_id": "19", "object_repr": "test", "action_flag": 3, "change_message": ""}}, {"model": "auth.permission", "pk": 1, "fields": {"name": "Can add log entry", "content_type": 1, "codename": "add_logentry"}}, {"model": "auth.permission", "pk": 2, "fields": {"name": "Can change log entry", "content_type": 1, "codename": "change_logentry"}}, {"model": "auth.permission", "pk": 3, "fields": {"name": "Can delete log entry", "content_type": 1, "codename": "delete_logentry"}}, {"model": "auth.permission", "pk": 4, "fields": {"name": "Can view log entry", "content_type": 1, "codename": "view_logentry"}}, {"model": "auth.permission", "pk": 5, "fields": {"name": "Can add permission", "content_type": 2, "codename": "add_permission"}}, {"model": "auth.permission", "pk": 6, "fields": {"name": "Can change permission", "content_type": 2, "codename": "change_permission"}}, {"model": "auth.permission", "pk": 7, "fields": {"name": "Can delete permission", "content_type": 2, "codename": "delete_permission"}}, {"model": "auth.permission", "pk": 8, "fields": {"name": "Can view permission", "content_type": 2, "codename": "view_permission"}}, {"model": "auth.permission", "pk": 9, "fields": {"name": "Can add group", "content_type": 3, "codename": "add_group"}}, {"model": "auth.permission", "pk": 10, "fields": {"name": "Can change group", "content_type": 3, "codename": "change_group"}}, {"model": "auth.permission", "pk": 11, "fields": {"name": "Can delete group", "content_type": 3, "codename": "delete_group"}}, {"model": "auth.permission", "pk": 12, "fields": {"name": "Can view group", "content_type": 3, "codename": "view_group"}}, {"model": "auth.permission", "pk": 13, "fields": {"name": "Can add user", "content_type": 4, "codename": "add_user"}}, {"model": "auth.permission", "pk": 14, "fields": {"name": "Can change user", "content_type": 4, "codename": "change_user"}}, {"model": "auth.permission", "pk": 15, "fields": {"name": "Can delete user", "content_type": 4, "codename": "delete_user"}}, {"model": "auth.permission", "pk": 16, "fields": {"name": "Can view user", "content_type": 4, "codename": "view_user"}}, {"model": "auth.permission", "pk": 17, "fields": {"name": "Can add content type", "content_type": 5, "codename": "add_contenttype"}}, {"model": "auth.permission", "pk": 18, "fields": {"name": "Can change content type", "content_type": 5, "codename": "change_contenttype"}}, {"model": "auth.permission", "pk": 19, "fields": {"name": "Can delete content type", "content_type": 5, "codename": "delete_contenttype"}}, {"model": "auth.permission", "pk": 20, "fields": {"name": "Can view content type", "content_type": 5, "codename": "view_contenttype"}}, {"model": "auth.permission", "pk": 21, "fields": {"name": "Can add session", "content_type": 6, "codename": "add_session"}}, {"model": "auth.permission", "pk": 22, "fields": {"name": "Can change session", "content_type": 6, "codename": "change_session"}}, {"model": "auth.permission", "pk": 23, "fields": {"name": "Can delete session", "content_type": 6, "codename": "delete_session"}}, {"model": "auth.permission", "pk": 24, "fields": {"name": "Can view session", "content_type": 6, "codename": "view_session"}}, {"model": "auth.permission", "pk": 25, "fields": {"name": "Can add site", "content_type": 7, "codename": "add_site"}}, {"model": "auth.permission", "pk": 26, "fields": {"name": "Can change site", "content_type": 7, "codename": "change_site"}}, {"model": "auth.permission", "pk": 27, "fields": {"name": "Can delete site", "content_type": 7, "codename": "delete_site"}}, {"model": "auth.permission", "pk": 28, "fields": {"name": "Can view site", "content_type": 7, "codename": "view_site"}}, {"model": "auth.permission", "pk": 29, "fields": {"name": "Can add email address", "content_type": 8, "codename": "add_emailaddress"}}, {"model": "auth.permission", "pk": 30, "fields": {"name": "Can change email address", "content_type": 8, "codename": "change_emailaddress"}}, {"model": "auth.permission", "pk": 31, "fields": {"name": "Can delete email address", "content_type": 8, "codename": "delete_emailaddress"}}, {"model": "auth.permission", "pk": 32, "fields": {"name": "Can view email address", "content_type": 8, "codename": "view_emailaddress"}}, {"model": "auth.permission", "pk": 33, "fields": {"name": "Can add email confirmation", "content_type": 9, "codename": "add_emailconfirmation"}}, {"model": "auth.permission", "pk": 34, "fields": {"name": "Can change email confirmation", "content_type": 9, "codename": "change_emailconfirmation"}}, {"model": "auth.permission", "pk": 35, "fields": {"name": "Can delete email confirmation", "content_type": 9, "codename": "delete_emailconfirmation"}}, {"model": "auth.permission", "pk": 36, "fields": {"name": "Can view email confirmation", "content_type": 9, "codename": "view_emailconfirmation"}}, {"model": "auth.permission", "pk": 37, "fields": {"name": "Can add social account", "content_type": 10, "codename": "add_socialaccount"}}, {"model": "auth.permission", "pk": 38, "fields": {"name": "Can change social account", "content_type": 10, "codename": "change_socialaccount"}}, {"model": "auth.permission", "pk": 39, "fields": {"name": "Can delete social account", "content_type": 10, "codename": "delete_socialaccount"}}, {"model": "auth.permission", "pk": 40, "fields": {"name": "Can view social account", "content_type": 10, "codename": "view_socialaccount"}}, {"model": "auth.permission", "pk": 41, "fields": {"name": "Can add social application", "content_type": 11, "codename": "add_socialapp"}}, {"model": "auth.permission", "pk": 42, "fields": {"name": "Can change social application", "content_type": 11, "codename": "change_socialapp"}}, {"model": "auth.permission", "pk": 43, "fields": {"name": "Can delete social application", "content_type": 11, "codename": "delete_socialapp"}}, {"model": "auth.permission", "pk": 44, "fields": {"name": "Can view social application", "content_type": 11, "codename": "view_socialapp"}}, {"model": "auth.permission", "pk": 45, "fields": {"name": "Can add social application token", "content_type": 12, "codename": "add_socialtoken"}}, {"model": "auth.permission", "pk": 46, "fields": {"name": "Can change social application token", "content_type": 12, "codename": "change_socialtoken"}}, {"model": "auth.permission", "pk": 47, "fields": {"name": "Can delete social application token", "content_type": 12, "codename": "delete_socialtoken"}}, {"model": "auth.permission", "pk": 48, "fields": {"name": "Can view social application token", "content_type": 12, "codename": "view_socialtoken"}}, {"model": "auth.permission", "pk": 49, "fields": {"name": "Can add category", "content_type": 13, "codename": "add_category"}}, {"model": "auth.permission", "pk": 50, "fields": {"name": "Can change category", "content_type": 13, "codename": "change_category"}}, {"model": "auth.permission", "pk": 51, "fields": {"name": "Can delete category", "content_type": 13, "codename": "delete_category"}}, {"model": "auth.permission", "pk": 52, "fields": {"name": "Can view category", "content_type": 13, "codename": "view_category"}}, {"model": "auth.permission", "pk": 53, "fields": {"name": "Can add product", "content_type": 14, "codename": "add_product"}}, {"model": "auth.permission", "pk": 54, "fields": {"name": "Can change product", "content_type": 14, "codename": "change_product"}}, {"model": "auth.permission", "pk": 55, "fields": {"name": "Can delete product", "content_type": 14, "codename": "delete_product"}}, {"model": "auth.permission", "pk": 56, "fields": {"name": "Can view product", "content_type": 14, "codename": "view_product"}}, {"model": "auth.permission", "pk": 57, "fields": {"name": "Can add order", "content_type": 15, "codename": "add_order"}}, {"model": "auth.permission", "pk": 58, "fields": {"name": "Can change order", "content_type": 15, "codename": "change_order"}}, {"model": "auth.permission", "pk": 59, "fields": {"name": "Can delete order", "content_type": 15, "codename": "delete_order"}}, {"model": "auth.permission", "pk": 60, "fields": {"name": "Can view order", "content_type": 15, "codename": "view_order"}}, {"model": "auth.permission", "pk": 61, "fields": {"name": "Can add order line item", "content_type": 16, "codename": "add_orderlineitem"}}, {"model": "auth.permission", "pk": 62, "fields": {"name": "Can change order line item", "content_type": 16, "codename": "change_orderlineitem"}}, {"model": "auth.permission", "pk": 63, "fields": {"name": "Can delete order line item", "content_type": 16, "codename": "delete_orderlineitem"}}, {"model": "auth.permission", "pk": 64, "fields": {"name": "Can view order line item", "content_type": 16, "codename": "view_orderlineitem"}}, {"model": "auth.permission", "pk": 65, "fields": {"name": "Can add user profile", "content_type": 17, "codename": "add_userprofile"}}, {"model": "auth.permission", "pk": 66, "fields": {"name": "Can change user profile", "content_type": 17, "codename": "change_userprofile"}}, {"model": "auth.permission", "pk": 67, "fields": {"name": "Can delete user profile", "content_type": 17, "codename": "delete_userprofile"}}, {"model": "auth.permission", "pk": 68, "fields": {"name": "Can view user profile", "content_type": 17, "codename": "view_userprofile"}}, {"model": "auth.user", "pk": 1, "fields": {"password": "pbkdf2_sha256$260000$fMgoLz6HVcc8SwXjBkwIoe$rZy8vStc8Y+nI7Nfo9q4AhuyxEdHBljT7l1Bt1p6QUc=", "last_login": "2023-12-22T12:24:11.999Z", "is_superuser": true, "username": "luminaadmin", "first_name": "", "last_name": "", "email": "luminadmin@gmail.com", "is_staff": true, "is_active": true, "date_joined": "2023-12-01T15:34:35.446Z", "groups": [], "user_permissions": []}}, {"model": "auth.user", "pk": 2, "fields": {"password": "pbkdf2_sha256$260000$NdCzQX6eiQAm4nnaoxBSaf$Hp4VumCFr6MhtvzitKXqaH9GaYhl2qhrUteNuDjAJb0=", "last_login": null, "is_superuser": false, "username": "test", "first_name": "", "last_name": "", "email": "test@gmail.com", "is_staff": false, "is_active": true, "date_joined": "2023-12-20T12:45:47.528Z", "groups": [], "user_permissions": []}}, {"model": "auth.user", "pk": 3, "fields": {"password": "pbkdf2_sha256$260000$t095loDWmSf0SxRaiwDDi6$ZI3kK268NMOOgIOctF7kicYy5weW6SxdWUDv/bJ3Rkw=", "last_login": null, "is_superuser": true, "username": "adminlumina2", "first_name": "", "last_name": "", "email": "adminlumina@gmail.com", "is_staff": true, "is_active": true, "date_joined": "2023-12-23T13:30:17.398Z", "groups": [], "user_permissions": []}}, {"model": "contenttypes.contenttype", "pk": 1, "fields": {"app_label": "admin", "model": "logentry"}}, {"model": "contenttypes.contenttype", "pk": 2, "fields": {"app_label": "auth", "model": "permission"}}, {"model": "contenttypes.contenttype", "pk": 3, "fields": {"app_label": "auth", "model": "group"}}, {"model": "contenttypes.contenttype", "pk": 4, "fields": {"app_label": "auth", "model": "user"}}, {"model": "contenttypes.contenttype", "pk": 5, "fields": {"app_label": "contenttypes", "model": "contenttype"}}, {"model": "contenttypes.contenttype", "pk": 6, "fields": {"app_label": "sessions", "model": "session"}}, {"model": "contenttypes.contenttype", "pk": 7, "fields": {"app_label": "sites", "model": "site"}}, {"model": "contenttypes.contenttype", "pk": 8, "fields": {"app_label": "account", "model": "emailaddress"}}, {"model": "contenttypes.contenttype", "pk": 9, "fields": {"app_label": "account", "model": "emailconfirmation"}}, {"model": "contenttypes.contenttype", "pk": 10, "fields": {"app_label": "socialaccount", "model": "socialaccount"}}, {"model": "contenttypes.contenttype", "pk": 11, "fields": {"app_label": "socialaccount", "model": "socialapp"}}, {"model": "contenttypes.contenttype", "pk": 12, "fields": {"app_label": "socialaccount", "model": "socialtoken"}}, {"model": "contenttypes.contenttype", "pk": 13, "fields": {"app_label": "products", "model": "category"}}, {"model": "contenttypes.contenttype", "pk": 14, "fields": {"app_label": "products", "model": "product"}}, {"model": "contenttypes.contenttype", "pk": 15, "fields": {"app_label": "checkout", "model": "order"}}, {"model": "contenttypes.contenttype", "pk": 16, "fields": {"app_label": "checkout", "model": "orderlineitem"}}, {"model": "contenttypes.contenttype", "pk": 17, "fields": {"app_label": "profiles", "model": "userprofile"}}, {"model": "sessions.session", "pk": "1wat2v9c3v65mx6mnkmsk5gv0byklhzz", "fields": {"session_data": ".eJxVjEEOwiAQRe_C2pApttOOS_eegQwwWNSAKW2iMd5dm3Sh2__efy9leZlHu1SZbArqoBq1-90c-6vkFYQL53PRvuR5Sk6vit5o1acS5Hbc3L_AyHX8vrFvMEpAQD9Egb4jcYRt2w2AJA0yRO88UQBP-8HEjg2wGKY-GmeI1miVWlPJVh73ND3VAd4fgXc-_Q:1rDoqp:uqj_ynXULbGVqyhHjTOG0ycJl7faaYskQx8gq6lAJSo", "expire_date": "2023-12-28T16:46:19.710Z"}}, {"model": "sessions.session", "pk": "62a1b0a2m919g1zj728iqo433bt4dmdv", "fields": {"session_data": ".eJxVjEEOwiAQRe_C2pApttOOS_eegQwwWNSAKW2iMd5dm3Sh2__efy9leZlHu1SZbArqoBq1-90c-6vkFYQL53PRvuR5Sk6vit5o1acS5Hbc3L_AyHX8vrFvMEpAQD9Egb4jcYRt2w2AJA0yRO88UQBP-8HEjg2wGKY-GmeI1miVWlPJVh73ND3VAd4fgXc-_Q:1r95uV:Se6oUvotODaDL81L_3sOGPhUz4afWRTiMx_k8efdz2k", "expire_date": "2023-12-15T15:58:35.734Z"}}, {"model": "sessions.session", "pk": "a0e0lhbwon8c1luwcv8uusspqrt3d7u5", "fields": {"session_data": ".eJxVjkEOgyAURO_C2hCkin6W3fcM5AMfpW2gEU3aGO9eTVy023kzL7Myg8s8mqXQZKJnmtWs-s0sugelA_g7piFzl9M8RcuPCj9p4bfs6Xk9u3-CEcu4r1VXq0BeCeX6QKJrgSyopml7oYBqhSI46wC8cHDpZWhRCiSJ0AVpJcAhLVRKzMnQ-xWnD9OiYhYHptf9tL5s2xcLhUKr:1rEY0P:vQ_ze18rzOaCASk_r_YoSyj9ocFoLvO2NS0mvsFfOqo", "expire_date": "2023-12-30T16:59:13.537Z"}}, {"model": "sessions.session", "pk": "rmi6ngpazcqgmt7lko12z22voazvz4k3", "fields": {"session_data": "e30:1rE9NE:N4e4_CW5q63fuqsw_IvD5pZ3E6WtZGztDvzLMiMH-AI", "expire_date": "2023-12-29T14:41:08.054Z"}}, {"model": "sessions.session", "pk": "s2hvmamo828i6ltctvt1u1z248p87iwm", "fields": {"session_data": ".eJxVjEEOgjAQRe_SNWmGCoVh6d4zNNN2KlXTGgqJhnB3JWGh2__ef6swtMyjWQpPJnoxiFpUv5sld-e0A3-jdM3S5TRP0cpdkQct8pI9P86H-xcYqYzft-5qHdhr0K4PDF2LbFE3TduDRq41QXDWIXpweOpVaEkBsSLsgrIKcY8WLiXmZPj1jNNbDFAJS1cxrNv2AcMdQck:1rH1lV:Hicia-vwLl9M9DfDvlFhvQvYJh2BI-mXCZMh4bAtS4I", "expire_date": "2024-01-06T13:10:05.618Z"}}, {"model": "sessions.session", "pk": "tk12r05m3406jgcw1az0a9ub9kq0yunq", "fields": {"session_data": "e30:1rEB7m:2y1DvuL3hMO1yu13JsqoUOmQfg2b4Hxq6GzN5KkdAOo", "expire_date": "2023-12-29T16:33:18.370Z"}}, {"model": "sites.site", "pk": 1, "fields": {"domain": "lumina.example.com", "name": "Lumina.com"}}, {"model": "account.emailaddress", "pk": 1, "fields": {"user": 1, "email": "luminadmin@gmail.com", "verified": true, "primary": true}}, {"model": "account.emailaddress", "pk": 2, "fields": {"user": 2, "email": "test@gmail.com", "verified": false, "primary": true}}, {"model": "products.category", "pk": 1, "fields": {"name": "necklaces", "friendly_name": "Necklaces"}}, {"model": "products.category", "pk": 2, "fields": {"name": "earrings", "friendly_name": "Earrings"}}, {"model": "products.category", "pk": 3, "fields": {"name": "rings", "friendly_name": "Rings"}}, {"model": "products.category", "pk": 4, "fields": {"name": "bracelets", "friendly_name": "Bracelets"}}, {"model": "products.product", "pk": 1, "fields": {"category": 1, "sku": "101", "name": "Diamond Bobbolt Gold Necklace", "description": "Radiant in its allure, our Diamond Bobbolt Gold Necklace shimmers with sophistication. Crafted in exquisite gold, this necklace is adorned with a resplendent display of diamonds embracing the bobble design, exuding timeless elegance and grace.", "price": "249.99", "rating": "4.80", "image_url": null, "image": "101_wx3wVHD.png"}}, {"model": "products.product", "pk": 2, "fields": {"category": 1, "sku": "102", "name": "Sterling Silver Square Diamond Necklace", "description": "Elegance meets sophistication in our Sterling Silver Square Diamond Necklace. This exquisite piece boasts a sleek design with a square-cut diamond pendant, exuding charm and refinement.", "price": "129.99", "rating": "4.70", "image_url": null, "image": "102_yXemf08.png"}}, {"model": "products.product", "pk": 3, "fields": {"category": 1, "sku": "103", "name": "Heart-shaped Silver Necklace", "description": "Capture hearts with our Silver Heart-shaped Necklace, a symbol of love and tenderness. This delicately crafted piece in silver adds a touch of grace and sentimentality to any ensemble, a perfect expression of heartfelt emotions.", "price": "99.99", "rating": "4.50", "image_url": null, "image": "103_DX2LuuM.png"}}, {"model": "products.product", "pk": 4, "fields": {"category": 1, "sku": "104", "name": "Golden Drop Diamond Necklace", "description": "Elegance personified, our Golden Drop Diamond Necklace features a captivatingly beautiful golden chain hosting a stunning diamond drop. A timeless statement of sophistication and glamour, designed to enchant.", "price": "359.99", "rating": "4.90", "image_url": null, "image": "104_1Q3ZMD2.png"}}, {"model": "products.product", "pk": 5, "fields": {"category": 2, "sku": "201", "name": "Stunning Blue Diamond Gold Earrings", "description": "Indulge in luxury with our Stunning Blue Diamond Gold Earrings. These resplendent gold earrings adorned with mesmerizing blue diamonds exude opulence and refinement, a testament to unparalleled beauty.", "price": "179.99", "rating": "4.70", "image_url": null, "image": "201_GOFlSUc.png"}}, {"model": "products.product", "pk": 6, "fields": {"category": 2, "sku": "202", "name": "Intricate Woven Gold Earrings", "description": "Exquisite craftsmanship meets sophistication in our Intricate Woven Gold Earrings. Delicately woven in gold, these petite yet captivating earrings add an understated elegance to any look.", "price": "79.99", "rating": "4.80", "image_url": null, "image": "202_eFcQEQg.png"}}, {"model": "products.product", "pk": 7, "fields": {"category": 2, "sku": "203", "name": "Chic Gold Earrings with Macramé Stones", "description": "Unveil sophistication with our Chic Gold Earrings featuring exquisite macramé stones. A luxurious blend of design and opulence, these earrings are a statement of refined taste and glamour.", "price": "219.99", "rating": "4.80", "image_url": null, "image": "203_zDVrdPu.png"}}, {"model": "products.product", "pk": 8, "fields": {"category": 3, "sku": "301", "name": "Diamond-Encrusted Silver Ring", "description": "Adorn your fingers with our enchanting Diamond-Encrusted Silver Ring. A breathtaking arrangement of diamonds encircles the entirety of this sterling silver ring, epitomizing timeless elegance and grace.", "price": "149.99", "rating": "4.70", "image_url": null, "image": "301_k2IWSIn.png"}}, {"model": "products.product", "pk": 9, "fields": {"category": 3, "sku": "302", "name": "Gold Floral Diamond Ring", "description": "Captivate with our Gold Floral Diamond Ring, a delicate bloom crafted from radiant diamonds atop a golden band. This ring embodies the essence of elegance and natural beauty.", "price": "179.99", "rating": "4.80", "image_url": null, "image": "302_bQjaDao.png"}}, {"model": "products.product", "pk": 10, "fields": {"category": 3, "sku": "303", "name": "Silver Diamond Pavé Ring", "description": "Exude sophistication with our Silver Diamond Pavé Ring featuring an array of small shimmering diamonds, culminating in a grand central diamond. A statement piece designed for timeless allure.", "price": "219.99", "rating": "4.80", "image_url": null, "image": "303_E5YoIhu.png"}}, {"model": "products.product", "pk": 11, "fields": {"category": 3, "sku": "304", "name": "Delicate Golden Heart Ring", "description": "Embrace romance with our Delicate Golden Heart Ring. Gracefully crafted in golden hues, this ring symbolizes love and tenderness, a perfect gift for the hopeless romantics.", "price": "99.99", "rating": "4.60", "image_url": null, "image": "304_iZ6L13z.png"}}, {"model": "products.product", "pk": 12, "fields": {"category": 4, "sku": "401", "name": "Dainty Gold Bracelet", "description": "Understated yet breathtaking, our Dainty Gold Bracelet epitomizes simplicity and beauty. Crafted in gold, this bracelet exudes delicate charm, a perfect addition to any ensemble.", "price": "69.99", "rating": "4.50", "image_url": null, "image": "401_lAbSPUh.png"}}, {"model": "products.product", "pk": 13, "fields": {"category": 4, "sku": "402", "name": "Alluring Gold Bracelet for the Confident Woman", "description": "\"Unleash your confidence with our Alluring Gold Bracelet designed for the modern, confident woman. This captivating bracelet in gold adds allure and sophistication to your style.\"", "price": "89.99", "rating": "4.80", "image_url": null, "image": "402_46TRov8.png"}}, {"model": "products.product", "pk": 14, "fields": {"category": 4, "sku": "403", "name": "Stylish Silver Arm Band Bracelet", "description": "Make a statement with our Stylish Silver Arm Band Bracelet. Mimicking a black band around the arm, this silver bracelet exudes elegance and style, a perfect blend of boldness and grace.", "price": "89.99", "rating": "4.80", "image_url": null, "image": "403_qwnsavC.png"}}, {"model": "products.product", "pk": 22, "fields": {"category": 3, "sku": "204", "name": "Gilded Pearl Web Elegance Earring", "description": "Adorn yourself with our Gilded Pearl Web Elegance Earring, a mesmerizing creation resembling a delicate web spun from radiant gold. Nestled within each intricately crafted crevice lies a lustrous pearl, evoking an air of timeless sophistication and grace. This masterpiece of craftsmanship and elegance is a statement piece that captures the essence of refined beauty.", "price": "279.99", "rating": null, "image_url": "https://images.unsplash.com/photo-1615197419794-52a6f5da9df0?q=80&w=987&auto=format&fit=crop&ixlib=rb-4.0.3&ixid=M3wxMjA3fDB8MHxwaG90by1wYWdlfHx8fGVufDB8fHx8fA%3D%3D", "image": "204_APn9Io2.png"}}, {"model": "checkout.order", "pk": 5, "fields": {"order_number": "1257D273E9ED4DDEA840E6E9DDC3C8E2", "user_profile": null, "full_name": "test", "email": "test@gmail.com", "phone_number": "1234567890", "country": "US", "postcode": null, "town_or_city": "anywhere", "street_address1": "anywhere", "street_address2": null, "county": "anywhere", "date": "2023-12-10T12:54:30.530Z", "delivery_cost": "10.00", "order_total": "99.99", "grand_total": "109.99", "original_bag": "", "stripe_pid": ""}}, {"model": "checkout.order", "pk": 6, "fields": {"order_number": "79DF3041B90F4453998C30E38AE810A4", "user_profile": null, "full_name": "test", "email": "test@gmail.com", "phone_number": "1234567890", "country": "US", "postcode": null, "town_or_city": "anywhere", "street_address1": "anywhere", "street_address2": null, "county": "anywhere", "date": "2023-12-10T16:47:54.137Z", "delivery_cost": "0.00", "order_total": "149.99", "grand_total": "149.99", "original_bag": "", "stripe_pid": ""}}, {"model": "checkout.order", "pk": 7, "fields": {"order_number": "C0FA2788CD6A427FA07418FBBC3A9719", "user_profile": null, "full_name": "test2", "email": "test2@gmail.com", "phone_number": "1234567890", "country": "US", "postcode": null, "town_or_city": "anywhere", "street_address1": "anywhere", "street_address2": null, "county": "anywhere", "date": "2023-12-15T12:42:10.212Z", "delivery_cost": "0.00", "order_total": "259.98", "grand_total": "259.98", "original_bag": "", "stripe_pid": ""}}, {"model": "checkout.order", "pk": 8, "fields": {"order_number": "8F352DF851C84006829EBD326F87B829", "user_profile": null, "full_name": "admin", "email": "luminadmin@gmail.com", "phone_number": "1234567890", "country": "US", "postcode": "12345", "town_or_city": "anywhere", "street_address1": "anywhere", "street_address2": "anywhere", "county": "anywhere", "date": "2023-12-20T13:39:57.656Z", "delivery_cost": "0.00", "order_total": "129.99", "grand_total": "129.99", "original_bag": "{\"2\": 1}", "stripe_pid": "E806C92DBD7544568F223D10C674BE23"}}, {"model": "checkout.order", "pk": 9, "fields": {"order_number": "F1A8148B23124EEEA25E0A8F15B52E37", "user_profile": null, "full_name": "admin", "email": "luminadmin@gmail.com", "phone_number": "1234567890", "country": "US", "postcode": "12345", "town_or_city": "anywhere", "street_address1": "anywhere", "street_address2": "anywhere", "county": "anywhere", "date": "2023-12-20T13:44:07.502Z", "delivery_cost": "0.00", "order_total": "129.99", "grand_total": "129.99", "original_bag": "{\"2\": 1}", "stripe_pid": "C982CAE17B6743D3811CE8884B419890"}}, {"model": "checkout.order", "pk": 10, "fields": {"order_number": "074341BCB6704AA6A2E7B150909D8D93", "user_profile": null, "full_name": "admin", "email": "luminadmin@gmail.com", "phone_number": "1234567890", "country": "US", "postcode": "12345", "town_or_city": "anywhere", "street_address1": "anywhere", "street_address2": "anywhere", "county": "anywhere", "date": "2023-12-20T13:51:08.117Z", "delivery_cost": "0.00", "order_total": "129.99", "grand_total": "129.99", "original_bag": "{\"2\": 1}", "stripe_pid": "8BAB1DCAE021409AA87E581A106B4013"}}, {"model": "checkout.order", "pk": 11, "fields": {"order_number": "987BCDA64CD140D5B07F226E2EE64F89", "user_profile": null, "full_name": "admin", "email": "luminadmin@gmail.com", "phone_number": "1234567890", "country": "US", "postcode": "12345", "town_or_city": "anywhere", "street_address1": "anywhere", "street_address2": "anywhere", "county": "anywhere", "date": "2023-12-20T13:55:03.709Z", "delivery_cost": "0.00", "order_total": "129.99", "grand_total": "129.99", "original_bag": "{\"2\": 1}", "stripe_pid": "AAB978B9247548CAB8BB383EBB7463F6"}}, {"model": "checkout.order", "pk": 12, "fields": {"order_number": "9BA10656E47F4F06A758DD74B9B654A4", "user_profile": null, "full_name": "admin", "email": "luminadmin@gmail.com", "phone_number": "1234567890", "country": "US", "postcode": "12345", "town_or_city": "anywhere", "street_address1": "anywhere", "street_address2": "anywhere", "county": "anywhere", "date": "2023-12-20T13:58:26.506Z", "delivery_cost": "0.00", "order_total": "129.99", "grand_total": "129.99", "original_bag": "{\"2\": 1}", "stripe_pid": "FC23C2A008D64B32AA3D2CB048833ED3"}}, {"model": "checkout.order", "pk": 13, "fields": {"order_number": "57F6AE67139043A09E95074766C9DCF8", "user_profile": null, "full_name": "admin", "email": "luminadmin@gmail.com", "phone_number": "1234567890", "country": "US", "postcode": "12345", "town_or_city": "anywhere", "street_address1": "anywhere", "street_address2": "anywhere", "county": "anywhere", "date": "2023-12-20T13:59:11.703Z", "delivery_cost": "0.00", "order_total": "129.99", "grand_total": "129.99", "original_bag": "{\"2\": 1}", "stripe_pid": "01E0944B0E064ADD8A3B38D2A35ED315"}}, {"model": "checkout.order", "pk": 14, "fields": {"order_number": "B78DF88FDFA348B49E358293058D5704", "user_profile": null, "full_name": "admin", "email": "luminadmin@gmail.com", "phone_number": "1234567890", "country": "US", "postcode": "12345", "town_or_city": "anywhere", "street_address1": "anywhere", "street_address2": "anywhere", "county": "anywhere", "date": "2023-12-20T14:03:07.579Z", "delivery_cost": "0.00", "order_total": "129.99", "grand_total": "129.99", "original_bag": "{\"2\": 1}", "stripe_pid": "1260678AA0CF4235B728DA43FF381AFC"}}, {"model": "checkout.order", "pk": 15, "fields": {"order_number": "204749043D244B14AF61DDBCD30E44FF", "user_profile": 1, "full_name": "admin", "email": "luminadmin@gmail.com", "phone_number": "1234567890", "country": "US", "postcode": "12345", "town_or_city": "anywhere", "street_address1": "anywhere", "street_address2": "anywhere", "county": "anywhere", "date": "2023-12-20T14:05:38.231Z", "delivery_cost": "0.00", "order_total": "129.99", "grand_total": "129.99", "original_bag": "{\"2\": 1}", "stripe_pid": "52C63E88D74D471E9740648429B8F9F6"}}, {"model": "checkout.orderlineitem", "pk": 9, "fields": {"order": 5, "product": 3, "quantity": 1, "lineitem_total": "99.99"}}, {"model": "checkout.orderlineitem", "pk": 10, "fields": {"order": 6, "product": 8, "quantity": 1, "lineitem_total": "149.99"}}, {"model": "checkout.orderlineitem", "pk": 11, "fields": {"order": 7, "product": 5, "quantity": 1, "lineitem_total": "179.99"}}, {"model": "checkout.orderlineitem", "pk": 12, "fields": {"order": 7, "product": 6, "quantity": 1, "lineitem_total": "79.99"}}, {"model": "checkout.orderlineitem", "pk": 13, "fields": {"order": 8, "product": 2, "quantity": 1, "lineitem_total": "129.99"}}, {"model": "checkout.orderlineitem", "pk": 14, "fields": {"order": 9, "product": 2, "quantity": 1, "lineitem_total": "129.99"}}, {"model": "checkout.orderlineitem", "pk": 15, "fields": {"order": 10, "product": 2, "quantity": 1, "lineitem_total": "129.99"}}, {"model": "checkout.orderlineitem", "pk": 16, "fields": {"order": 11, "product": 2, "quantity": 1, "lineitem_total": "129.99"}}, {"model": "checkout.orderlineitem", "pk": 17, "fields": {"order": 12, "product": 2, "quantity": 1, "lineitem_total": "129.99"}}, {"model": "checkout.orderlineitem", "pk": 18, "fields": {"order": 13, "product": 2, "quantity": 1, "lineitem_total": "129.99"}}, {"model": "checkout.orderlineitem", "pk": 19, "fields": {"order": 14, "product": 2, "quantity": 1, "lineitem_total": "129.99"}}, {"model": "checkout.orderlineitem", "pk": 20, "fields": {"order": 15, "product": 2, "quantity": 1, "lineitem_total": "129.99"}}, {"model": "profiles.userprofile", "pk": 1, "fields": {"user": 1, "default_phone_number": "1234567890", "default_street_address1": "anywhere", "default_street_address2": "anywhere", "default_town_or_city": "anywhere", "default_county": "anywhere", "default_postcode": "12345", "default_country": "US"}}, {"model": "profiles.userprofile", "pk": 2, "fields": {"user": 2, "default_phone_number": null, "default_street_address1": null, "default_street_address2": null, "default_town_or_city": null, "default_county": null, "default_postcode": null, "default_country": null}}, {"model": "profiles.userprofile", "pk": 3, "fields": {"user": 3, "default_phone_number": null, "default_street_address1": null, "default_street_address2": null, "default_town_or_city": null, "default_county": null, "default_postcode": null, "default_country": null}}]